{"chunk_definitions":[{"row":15,"row_count":1,"visible":true,"expansion_state":0,"options":[],"document_id":null,"chunk_id":"ctgtknodrsbts","chunk_label":""},{"row":21,"row_count":1,"visible":true,"expansion_state":0,"options":[],"document_id":null,"chunk_id":"c6hmekgwtbcxw","chunk_label":""},{"row":43,"row_count":1,"visible":true,"expansion_state":0,"options":[],"document_id":null,"chunk_id":"cwtoro3t9agtg","chunk_label":"unnamed-chunk-1"},{"row":56,"row_count":1,"visible":true,"expansion_state":0,"options":[],"document_id":null,"chunk_id":"czitzj5b6vhiw","chunk_label":"unnamed-chunk-2"},{"row":63,"row_count":1,"visible":true,"expansion_state":0,"options":[],"document_id":null,"chunk_id":"ci9lgforfxuz4","chunk_label":"unnamed-chunk-3"},{"row":73,"row_count":1,"visible":true,"expansion_state":0,"options":[],"document_id":null,"chunk_id":"cfqiddf6lsxw3","chunk_label":"unnamed-chunk-4"},{"row":82,"row_count":1,"visible":true,"expansion_state":0,"options":[],"document_id":null,"chunk_id":"cj5ruuwx2fujn","chunk_label":"unnamed-chunk-5"}],"doc_write_time":1518137695}