{"chunk_definitions":[{"chunk_id":"cjqeximof6kv9","expansion_state":0,"options":[],"row":13,"row_count":1,"visible":true},{"chunk_id":"ctxwj4cdk3896","expansion_state":0,"options":[],"row":19,"row_count":1,"visible":true},{"chunk_id":"climqha0josxg","expansion_state":0,"options":[],"row":41,"row_count":1,"visible":true},{"chunk_id":"c9qy5loh0x3gc","expansion_state":0,"options":[],"row":54,"row_count":1,"visible":true},{"chunk_id":"ckjwv0v0gk486","expansion_state":0,"options":[],"row":61,"row_count":1,"visible":true},{"chunk_id":"c8vquc62h9plf","expansion_state":0,"options":[],"row":71,"row_count":1,"visible":true},{"chunk_id":"cq2uebh7hxiy7","expansion_state":0,"options":[],"row":80,"row_count":1,"visible":true},{"chunk_id":"cj6i3ten2s2tq","expansion_state":0,"options":[],"row":86,"row_count":1,"visible":true},{"chunk_id":"cwryhhs8ztvx8","expansion_state":0,"options":[],"row":97,"row_count":1,"visible":true}],"doc_write_time":1505916957.90207}
