{"chunk_definitions":[{"chunk_id":"cm7xxf76xr5iq","chunk_label":"","document_id":null,"expansion_state":0,"options":[],"row":15,"row_count":1,"visible":true},{"chunk_id":"cxbncnhw3sffl","chunk_label":"","document_id":null,"expansion_state":0,"options":[],"row":21,"row_count":1,"visible":true},{"chunk_id":"ckh9fgjhj6q1s","chunk_label":"unnamed-chunk-2","document_id":null,"expansion_state":0,"options":{"engine":"r","label":"unnamed-chunk-2"},"row":56,"row_count":1,"visible":true},{"chunk_id":"cnmvzzrlef07b","chunk_label":"unnamed-chunk-3","document_id":null,"expansion_state":0,"options":[],"row":63,"row_count":1,"visible":true},{"chunk_id":"c0bdu8or55mhl","chunk_label":"unnamed-chunk-4","document_id":null,"expansion_state":0,"options":[],"row":73,"row_count":1,"visible":true},{"chunk_id":"c61htyxipz9a1","chunk_label":"unnamed-chunk-5","document_id":null,"expansion_state":0,"options":[],"row":82,"row_count":1,"visible":true}],"doc_write_time":1518098990}