{"chunk_definitions":[{"chunk_id":"ctgtknodrsbts","expansion_state":0,"options":[],"row":15,"row_count":1,"visible":true},{"chunk_id":"c6hmekgwtbcxw","expansion_state":0,"options":[],"row":21,"row_count":1,"visible":true},{"chunk_id":"cwtoro3t9agtg","expansion_state":0,"options":[],"row":43,"row_count":1,"visible":true},{"chunk_id":"czitzj5b6vhiw","expansion_state":0,"options":[],"row":56,"row_count":1,"visible":true},{"chunk_id":"ci9lgforfxuz4","expansion_state":0,"options":[],"row":63,"row_count":1,"visible":true},{"chunk_id":"cfqiddf6lsxw3","expansion_state":0,"options":[],"row":73,"row_count":1,"visible":true},{"chunk_id":"cj5ruuwx2fujn","expansion_state":0,"options":[],"row":82,"row_count":1,"visible":true},{"chunk_id":"cvw1f6xb9ja3r","expansion_state":0,"options":[],"row":88,"row_count":1,"visible":true},{"chunk_id":"cqzx58p75jqdk","expansion_state":0,"options":[],"row":99,"row_count":1,"visible":true}],"doc_write_time":1518137695}
